Modelo,MAE,RMSE,MAPE (%),sMAPE (%)
RandomForest,934.1867800532239,1080.169035355517,20.526070024280514,18.045307603733956
XGBoost,1348.5756872594357,1461.6472539927283,29.489460006665198,25.126854179065322
LightGBM,1670.8447654919948,1885.2569700240567,36.6149660491605,29.738234432215517
DecisionTrees,1829.75,1984.2393378824038,39.95613333319339,32.38095905789429
